End,Frequency %,Win %,Draw %,Loss %,Win + Draw %
1,0.0,0.0,0.0,0.0,0.0
2,0.0,0.0,0.0,0.0,0.0
3,0.0047973861417699324,0.32558139534883723,0.08803986710963455,0.5863787375415282,0.41362126245847175
4,0.01980316372474798,0.3496981891348089,0.07766599597585513,0.572635814889336,0.427364185110664
5,0.12925050802884808,0.4134656883901597,0.07367901843516864,0.5128552931746717,0.48714470682532834
6,0.28475116547794554,0.4586365162879212,0.08043210567558491,0.4609313780364939,0.5390686219635061
7,0.31715344463481693,0.48731092014674104,0.0831197547615458,0.42956932509171314,0.5704306749082868
8,0.24424433199187154,0.5467715096740513,0.07866488303044145,0.3745636072955072,0.6254363927044928
