End,Frequency %,Win %,Draw %,Loss %,Win + Draw %
1,0.0,0.0,0.0,0.0,0.0
2,0.0,0.0,0.0,0.0,0.0
3,0.005059930818116,0.356120826709062,0.04769475357710652,0.5961844197138315,0.40381558028616854
4,0.0208189204408334,0.3589644513137558,0.06452859350850078,0.5765069551777434,0.4234930448222566
5,0.12588689566406563,0.42136877755767144,0.07962170106716084,0.49900952137516774,0.5009904786248323
6,0.2884080122274958,0.4752872922012719,0.07949347316746624,0.44521923463126184,0.5547807653687381
7,0.3083420481055426,0.48272893295069136,0.08262457605009131,0.4346464909992173,0.5653535090007826
8,0.25148419274394657,0.5538033395176253,0.0808009724265882,0.3653956880557866,0.6346043119442134
