End,Frequency %,Win %,Draw %,Loss %,Win + Draw %
1,0.0,0.0,0.0,0.0,0.0
2,0.0,0.0,0.0,0.0,0.0
3,0.005714285714285714,0.2857142857142857,0.0,0.7142857142857143,0.2857142857142857
4,0.017142857142857144,0.5238095238095238,0.0,0.47619047619047616,0.5238095238095238
5,0.12979591836734694,0.4716981132075472,0.10062893081761007,0.4276729559748428,0.5723270440251572
6,0.27918367346938777,0.4298245614035088,0.08771929824561403,0.4824561403508772,0.5175438596491229
7,0.32571428571428573,0.47117794486215536,0.10275689223057644,0.42606516290726815,0.5739348370927319
8,0.24244897959183673,0.5387205387205387,0.08754208754208755,0.37373737373737376,0.6262626262626263
