End,Frequency %,Win %,Draw %,Loss %,Win + Draw %
1,0.0,0.0,0.0,0.0,0.0
2,0.0,0.0,0.0,0.0,0.0
3,0.004926505567515703,0.31260229132569556,0.07692307692307693,0.6104746317512275,0.3895253682487725
4,0.020012417051675897,0.354552780016116,0.0692989524576954,0.5761482675261885,0.4238517324738114
5,0.12498488183643357,0.42229533578478806,0.07496290561899233,0.5027417585962196,0.4972582414037804
6,0.2899139675705313,0.4813383023695628,0.07812326176437868,0.4405384358660585,0.5594615641339414
7,0.3109665142755779,0.4832110353410947,0.08170197318951435,0.43508699146939095,0.5649130085306091
8,0.24919571369826565,0.553290623179965,0.0791432084384909,0.36756616838154405,0.632433831618456
