End,Frequency %,Win %,Draw %,Loss %,Win + Draw %
1,0.0,0.0,0.0,0.0,0.0
2,0.0,0.0,0.0,0.0,0.0
3,0.004315511867657636,0.37037037037037035,0.12962962962962962,0.5,0.5
4,0.020538639814592825,0.3968871595330739,0.07782101167315175,0.5252918287937743,0.47470817120622566
5,0.137057460241349,0.40932944606413996,0.07871720116618076,0.5119533527696793,0.4880466472303207
6,0.2800287700791177,0.4546232876712329,0.0733447488584475,0.4720319634703196,0.5279680365296804
7,0.3124750259729881,0.5168797953964195,0.07621483375959079,0.40690537084398976,0.5930946291560102
8,0.24558459202429472,0.5567849007484543,0.07321835340058575,0.36999674585096,0.63000325414904
