End,Frequency %,Win %,Draw %,Loss %,Win + Draw %
1,0.0,0.0,0.0,0.0,0.0
2,0.0,0.0,0.0,0.0,0.0
3,0.006441352798498924,0.4369449378330373,0.0852575488454707,0.477797513321492,0.522202486678508
4,0.026795112351837444,0.4107600341588386,0.08795900939368062,0.5012809564474808,0.4987190435525192
5,0.16917990023339893,0.49130993440183945,0.07750050720227226,0.4311895583958883,0.5688104416041118
6,0.3841014141229234,0.5269272012391278,0.07664124865959729,0.3964315501012749,0.6035684498987252
7,0.27115463823165986,0.5415611814345992,0.07759493670886076,0.3808438818565401,0.6191561181434599
8,0.14232758226168138,0.3822347266881029,0.07692926045016077,0.5408360128617363,0.4591639871382637
