RMSE,MAE,Bias,R2
0.9311259388923645,0.7258483171463013,0.044918548315763474,0.15986186265945435
