RMSE,MAE,Bias,R2
0.9096906781196594,0.7054592370986938,0.056888364255428314,0.1440032720565796
