RMSE,MAE,Bias,R2
0.9307724237442017,0.7280995845794678,0.04732101038098335,0.16049975156784058
