RMSE,MAE,Bias,R2
0.9097192883491516,0.708379864692688,0.06018746271729469,0.1439494490623474
