,Shot_Type,Opponent_PP,N,Avg_Execution,Avg_End_Points,Big_End_Rate
0,Draw,No Power Play,2014,3.3381330685203574,0.435948361469712,0.02631578947368421
1,Other,No Power Play,28,3.607142857142857,0.32142857142857145,0.0
2,Other,Opponent Used PP,6,3.0,0.3333333333333333,0.0
3,Raise/Tap-back,Opponent Used PP,90,2.9555555555555557,0.3333333333333333,0.022222222222222223
4,Wick/Soft Peel,Opponent Used PP,161,2.6335403726708075,0.2981366459627329,0.018633540372670808
5,Draw,Opponent Used PP,214,3.1121495327102804,0.29439252336448596,0.02336448598130841
6,Front,Opponent Used PP,85,3.635294117647059,0.27058823529411763,0.0
7,Guard,Opponent Used PP,42,3.880952380952381,0.16666666666666666,0.0
