End,PP Calls,Frequency %,Win %,Draw %,Loss %,Win + Draw %
2,1,0.0016722408026755853,0.0,0.0,1.0,0.0
3,15,0.02508361204013378,0.06666666666666667,0.0,0.9333333333333333,0.06666666666666667
4,27,0.0451505016722408,0.0,0.0,1.0,0.0
5,77,0.12876254180602006,0.15584415584415584,0.0,0.8441558441558441,0.15584415584415584
6,205,0.342809364548495,0.3902439024390244,0.0,0.6097560975609756,0.3902439024390244
7,208,0.34782608695652173,0.5865384615384616,0.0,0.41346153846153844,0.5865384615384616
8,65,0.10869565217391304,0.676923076923077,0.0,0.3230769230769231,0.676923076923077
