End,Frequency %,Win %,Draw %,Loss %,Win + Draw %
1,0.0,0.0,0.0,0.0,0.0
2,0.0,0.0,0.0,0.0,0.0
3,0.0017001545595054096,0.2727272727272727,0.09090909090909091,0.6363636363636364,0.36363636363636365
4,0.016846986089644512,0.3761467889908257,0.08256880733944955,0.5412844036697247,0.45871559633027525
5,0.10695517774343122,0.38872832369942195,0.06936416184971098,0.541907514450867,0.45809248554913296
6,0.38701700154559504,0.38258785942492013,0.08945686900958466,0.5279552715654952,0.4720447284345048
7,0.2670788253477589,0.46469907407407407,0.09375,0.44155092592592593,0.5584490740740741
8,0.22040185471406493,0.4579242636746143,0.08835904628330996,0.4537166900420757,0.5462833099579243
