End,Frequency %,Win %,Draw %,Loss %,Win + Draw %
1,0.0,0.0,0.0,0.0,0.0
2,0.0,0.0,0.0,0.0,0.0
3,0.00430416068866571,0.37037037037037035,0.09259259259259259,0.5370370370370371,0.46296296296296297
4,0.02183963016100749,0.3905109489051095,0.051094890510948905,0.5583941605839416,0.4416058394160584
5,0.1331898613103778,0.4278874925194494,0.0807899461400359,0.49132256134051466,0.5086774386594853
6,0.2866252191933684,0.47580645161290325,0.07758620689655173,0.44660734149054504,0.553392658509455
7,0.31444285031085606,0.4991128010139417,0.08035487959442332,0.420532319391635,0.5794676806083651
8,0.23959827833572453,0.5585495675316035,0.0825016633399867,0.35894876912840984,0.6410512308715901
