RMSE,NLL,Coverage95,Sharpness
0.9307724237442017,526.8828735351562,0.02748815156519413,0.030444515869021416
