RMSE,NLL,Coverage95,Sharpness
0.9311259388923645,473.47760009765625,0.024644549936056137,0.031101921573281288
